Metropolitan Area,Reports per 100K Population
"Fayetteville-Springdale-Rogers, AR-MO Metropolitan Statistical Area",382
"Fort Smith, AR-OK Metropolitan Statistical Area",389
"Jonesboro, AR Metropolitan Statistical Area",420
"Little Rock-North Little Rock-Conway, AR Metropolitan Statistical Area",550
"Memphis, TN-MS-AR Metropolitan Statistical Area",660
"Texarkana, TX-AR Metropolitan Statistical Area",614
,
"This chart identifies Metropolitan Areas (Metropolitan and Micropolitan Statistical Areas) with a population of 100,000 or more.  Metropolitan areas are defined by Office of Management and Budget Bulletin No. 15-01, ""Revised Delineations of Metropolitan Statistical Areas, Micropolitan Statistical Areas, and Combined Statistical Areas, and Guidance on Uses of the Delineations of These Areas"" (July 15, 2015).",
