Metropolitan Area,Reports per 100K Population
"Bridgeport-Stamford-Norwalk, CT Metropolitan Statistical Area",449
"Hartford-West Hartford-East Hartford, CT Metropolitan Statistical Area",449
"New Haven-Milford, CT Metropolitan Statistical Area",523
"Norwich-New London, CT Metropolitan Statistical Area",408
"Torrington, CT Micropolitan Statistical Area",466
"Worcester, MA-CT Metropolitan Statistical Area",429
,
"This chart identifies Metropolitan Areas (Metropolitan and Micropolitan Statistical Areas) with a population of 100,000 or more.  Metropolitan areas are defined by Office of Management and Budget Bulletin No. 15-01, ""Revised Delineations of Metropolitan Statistical Areas, Micropolitan Statistical Areas, and Combined Statistical Areas, and Guidance on Uses of the Delineations of These Areas"" (July 15, 2015).",
