Metropolitan Area,Reports per 100K Population
"Boise City, ID Metropolitan Statistical Area",466
"Coeur d'Alene, ID Metropolitan Statistical Area",515
"Idaho Falls, ID Metropolitan Statistical Area",395
"Logan, UT-ID Metropolitan Statistical Area",294
"Twin Falls, ID Micropolitan Statistical Area",398
,
"This chart identifies Metropolitan Areas (Metropolitan and Micropolitan Statistical Areas) with a population of 100,000 or more.  Metropolitan areas are defined by Office of Management and Budget Bulletin No. 15-01, ""Revised Delineations of Metropolitan Statistical Areas, Micropolitan Statistical Areas, and Combined Statistical Areas, and Guidance on Uses of the Delineations of These Areas"" (July 15, 2015).  This chart excludes reports provided by the Idaho Attorney General.",
