Metropolitan Area,Reports per 100K Population
"Kansas City, MO-KS Metropolitan Statistical Area",539
"Lawrence, KS Metropolitan Statistical Area",468
"St. Joseph, MO-KS Metropolitan Statistical Area",358
"Topeka, KS Metropolitan Statistical Area",554
"Wichita, KS Metropolitan Statistical Area",503
,
"This chart identifies Metropolitan Areas (Metropolitan and Micropolitan Statistical Areas) with a population of 100,000 or more.  Metropolitan areas are defined by Office of Management and Budget Bulletin No. 15-01, ""Revised Delineations of Metropolitan Statistical Areas, Micropolitan Statistical Areas, and Combined Statistical Areas, and Guidance on Uses of the Delineations of These Areas"" (July 15, 2015).",
