Metropolitan Area,Reports per 100K Population
"Allentown-Bethlehem-Easton, PA-NJ Metropolitan Statistical Area",485
"Atlantic City-Hammonton, NJ Metropolitan Statistical Area",511
"New York-Newark-Jersey City, NY-NJ-PA Metropolitan Statistical Area",449
"Philadelphia-Camden-Wilmington, PA-NJ-DE-MD Metropolitan Statistical Area",561
"Trenton, NJ Metropolitan Statistical Area",473
"Vineland-Bridgeton, NJ Metropolitan Statistical Area",373
,
"This chart identifies Metropolitan Areas (Metropolitan and Micropolitan Statistical Areas) with a population of 100,000 or more.  Metropolitan areas are defined by Office of Management and Budget Bulletin No. 15-01, ""Revised Delineations of Metropolitan Statistical Areas, Micropolitan Statistical Areas, and Combined Statistical Areas, and Guidance on Uses of the Delineations of These Areas"" (July 15, 2015).",
