Metropolitan Area,Reports per 100K Population
"Boston-Cambridge-Newton, MA-NH Metropolitan Statistical Area",427
"Claremont-Lebanon, NH-VT Micropolitan Statistical Area",401
"Concord, NH Micropolitan Statistical Area",427
"Manchester-Nashua, NH Metropolitan Statistical Area",483
,
"This chart identifies Metropolitan Areas (Metropolitan and Micropolitan Statistical Areas) with a population of 100,000 or more.  Metropolitan areas are defined by Office of Management and Budget Bulletin No. 15-01, ""Revised Delineations of Metropolitan Statistical Areas, Micropolitan Statistical Areas, and Combined Statistical Areas, and Guidance on Uses of the Delineations of These Areas"" (July 15, 2015).",
