Metropolitan Areas: Identity Theft Reports,,,
,,,
Rank,Metropolitan Area,Reports per 100K Population,# of Reports
1,"Ann Arbor, MI Metropolitan Statistical Area",256,932
2,"Sebastian-Vero Beach, FL Metropolitan Statistical Area",196,297
3,"Sumter, SC Metropolitan Statistical Area",192,206
4,"Miami-Fort Lauderdale-West Palm Beach, FL Metropolitan Statistical Area",191,"11,606"
5,"Detroit-Warren-Dearborn, MI Metropolitan Statistical Area",184,"7,917"
6,"Los Angeles-Long Beach-Anaheim, CA Metropolitan Statistical Area",162,"21,564"
7,"Orlando-Kissimmee-Sanford, FL Metropolitan Statistical Area",161,"3,938"
8,"San Jose-Sunnyvale-Santa Clara, CA Metropolitan Statistical Area",161,"3,192"
9,"Naples-Immokalee-Marco Island, FL Metropolitan Statistical Area",160,583
10,"San Francisco-Oakland-Hayward, CA Metropolitan Statistical Area",159,"7,450"
11,"Dallas-Fort Worth-Arlington, TX Metropolitan Statistical Area",159,"11,506"
12,"Atlanta-Sandy Springs-Roswell, GA Metropolitan Statistical Area",156,"9,010"
13,"Grand Rapids-Wyoming, MI Metropolitan Statistical Area",155,"1,628"
14,"Ponce, PR Metropolitan Statistical Area",155,479
15,"Punta Gorda, FL Metropolitan Statistical Area",154,275
16,"Las Vegas-Henderson-Paradise, NV Metropolitan Statistical Area",145,"3,122"
17,"Bakersfield, CA Metropolitan Statistical Area",145,"1,279"
18,"Tampa-St. Petersburg-Clearwater, FL Metropolitan Statistical Area",142,"4,317"
19,"Jacksonville, FL Metropolitan Statistical Area",142,"2,104"
20,"Chicago-Naperville-Elgin, IL-IN-WI Metropolitan Statistical Area",141,"13,412"
21,"Napa, CA Metropolitan Statistical Area",141,200
22,"Tallahassee, FL Metropolitan Statistical Area",140,530
23,"Philadelphia-Camden-Wilmington, PA-NJ-DE-MD Metropolitan Statistical Area",139,"8,444"
24,"Lansing-East Lansing, MI Metropolitan Statistical Area",137,653
25,"Niles-Benton Harbor, MI Metropolitan Statistical Area",137,211
26,"Kalamazoo-Portage, MI Metropolitan Statistical Area",137,461
27,"California-Lexington Park, MD Metropolitan Statistical Area",137,154
28,"Cape Coral-Fort Myers, FL Metropolitan Statistical Area",137,988
29,"North Port-Sarasota-Bradenton, FL Metropolitan Statistical Area",137,"1,077"
30,"Gainesville, FL Metropolitan Statistical Area",136,382
31,"Houston-The Woodlands-Sugar Land, TX Metropolitan Statistical Area",136,"9,180"
32,"Vallejo-Fairfield, CA Metropolitan Statistical Area",135,593
33,"Sacramento-Roseville-Arden-Arcade, CA Metropolitan Statistical Area",135,"3,090"
34,"Fresno, CA Metropolitan Statistical Area",133,"1,305"
35,"San Diego-Carlsbad, CA Metropolitan Statistical Area",132,"4,395"
36,"Deltona-Daytona Beach-Ormond Beach, FL Metropolitan Statistical Area",132,844
37,"Flint, MI Metropolitan Statistical Area",132,539
38,"Phoenix-Mesa-Scottsdale, AZ Metropolitan Statistical Area",131,"6,098"
39,"Wichita Falls, TX Metropolitan Statistical Area",131,197
40,"Durham-Chapel Hill, NC Metropolitan Statistical Area",130,730
41,"Stockton-Lodi, CA Metropolitan Statistical Area",128,942
42,"Santa Rosa, CA Metropolitan Statistical Area",128,644
43,"Jackson, MI Metropolitan Statistical Area",127,202
44,"Palm Bay-Melbourne-Titusville, FL Metropolitan Statistical Area",126,731
45,"Boulder, CO Metropolitan Statistical Area",124,401
46,"Macon-Bibb County, GA Metropolitan Statistical Area",124,285
47,"Riverside-San Bernardino-Ontario, CA Metropolitan Statistical Area",123,"5,580"
48,"Sebring, FL Metropolitan Statistical Area",123,124
49,"Columbus, GA-AL Metropolitan Statistical Area",123,379
50,"Hartford-West Hartford-East Hartford, CT Metropolitan Statistical Area",122,"1,471"
51,"Albuquerque, NM Metropolitan Statistical Area",121,"1,103"
52,"Lakeland-Winter Haven, FL Metropolitan Statistical Area",121,806
53,"Austin-Round Rock, TX Metropolitan Statistical Area",121,"2,485"
54,"San Luis Obispo-Paso Robles-Arroyo Grande, CA Metropolitan Statistical Area",120,339
55,"Denver-Aurora-Lakewood, CO Metropolitan Statistical Area",120,"3,410"
56,"Homosassa Springs, FL Metropolitan Statistical Area",119,171
57,"Madera, CA Metropolitan Statistical Area",119,184
58,"New Haven-Milford, CT Metropolitan Statistical Area",119,"1,017"
59,"Seattle-Tacoma-Bellevue, WA Metropolitan Statistical Area",118,"4,497"
60,"Tucson, AZ Metropolitan Statistical Area",118,"1,201"
61,"Charlotte-Concord-Gastonia, NC-SC Metropolitan Statistical Area",118,"2,911"
62,"Oxnard-Thousand Oaks-Ventura, CA Metropolitan Statistical Area",117,997
63,"Monroe, MI Metropolitan Statistical Area",117,175
64,"New York-Newark-Jersey City, NY-NJ-PA Metropolitan Statistical Area",117,"23,624"
65,"Raleigh, NC Metropolitan Statistical Area",116,"1,516"
66,"San Antonio-New Braunfels, TX Metropolitan Statistical Area",116,"2,811"
67,"Port St. Lucie, FL Metropolitan Statistical Area",116,538
68,"Battle Creek, MI Metropolitan Statistical Area",115,154
69,"Cheyenne, WY Metropolitan Statistical Area",114,112
70,"Modesto, CA Metropolitan Statistical Area",114,616
71,"Dover, DE Metropolitan Statistical Area",113,198
72,"Fort Collins, CO Metropolitan Statistical Area",113,383
73,"Trenton, NJ Metropolitan Statistical Area",112,416
74,"Bridgeport-Stamford-Norwalk, CT Metropolitan Statistical Area",112,"1,058"
75,"Sierra Vista-Douglas, AZ Metropolitan Statistical Area",111,140
76,"Memphis, TN-MS-AR Metropolitan Statistical Area",111,"1,492"
77,"Santa Fe, NM Metropolitan Statistical Area",108,161
78,"Providence-Warwick, RI-MA Metropolitan Statistical Area",107,"1,725"
79,"Hilton Head Island-Bluffton-Beaufort, SC Metropolitan Statistical Area",106,225
80,"Olympia-Tumwater, WA Metropolitan Statistical Area",106,291
81,"Portland-Vancouver-Hillsboro, OR-WA Metropolitan Statistical Area",106,"2,560"
82,"Greenville-Anderson-Mauldin, SC Metropolitan Statistical Area",106,934
83,"Killeen-Temple, TX Metropolitan Statistical Area",105,458
84,"Cleveland-Elyria, OH Metropolitan Statistical Area",105,"2,158"
85,"Santa Cruz-Watsonville, CA Metropolitan Statistical Area",105,288
86,"Montgomery, AL Metropolitan Statistical Area",105,392
87,"Washington-Arlington-Alexandria, DC-VA-MD-WV Metropolitan Statistical Area",105,"6,428"
88,"Hammond, LA Metropolitan Statistical Area",105,137
89,"Colorado Springs, CO Metropolitan Statistical Area",105,746
90,"Torrington, CT Micropolitan Statistical Area",104,189
91,"Traverse City, MI Micropolitan Statistical Area",103,153
92,"El Paso, TX Metropolitan Statistical Area",103,864
93,"Savannah, GA Metropolitan Statistical Area",102,392
94,"Merced, CA Metropolitan Statistical Area",101,272
95,"Baltimore-Columbia-Towson, MD Metropolitan Statistical Area",101,"2,826"
96,"The Villages, FL Metropolitan Statistical Area",101,125
97,"Reno, NV Metropolitan Statistical Area",101,461
98,"Little Rock-North Little Rock-Conway, AR Metropolitan Statistical Area",101,739
99,"Springfield, IL Metropolitan Statistical Area",100,211
100,"Greeley, CO Metropolitan Statistical Area",100,296
101,"Brownsville-Harlingen, TX Metropolitan Statistical Area",99,418
102,"Holland, MI Micropolitan Statistical Area",99,114
103,"Santa Maria-Santa Barbara, CA Metropolitan Statistical Area",97,435
104,"Bay City, MI Metropolitan Statistical Area",97,102
105,"Prescott, AZ Metropolitan Statistical Area",97,219
106,"Bremerton-Silverdale, WA Metropolitan Statistical Area",97,257
107,"Salt Lake City, UT Metropolitan Statistical Area",97,"1,150"
108,"Columbia, SC Metropolitan Statistical Area",97,792
109,"Corpus Christi, TX Metropolitan Statistical Area",97,440
110,"Saginaw, MI Metropolitan Statistical Area",97,186
111,"Kansas City, MO-KS Metropolitan Statistical Area",96,"2,024"
112,"Nashville-Davidson--Murfreesboro--Franklin, TN Metropolitan Statistical Area",96,"1,793"
113,"Pueblo, CO Metropolitan Statistical Area",96,158
114,"Panama City, FL Metropolitan Statistical Area",96,191
115,"Ocala, FL Metropolitan Statistical Area",95,333
116,"Boise City, ID Metropolitan Statistical Area",95,659
117,"Louisville/Jefferson County, KY-IN Metropolitan Statistical Area",95,"1,220"
118,"Owensboro, KY Metropolitan Statistical Area",95,112
119,"Beaumont-Port Arthur, TX Metropolitan Statistical Area",95,389
120,"Missoula, MT Metropolitan Statistical Area",95,110
121,"Minneapolis-St. Paul-Bloomington, MN-WI Metropolitan Statistical Area",94,"3,353"
122,"Tulsa, OK Metropolitan Statistical Area",94,931
123,"San Juan-Carolina-Caguas, PR Metropolitan Statistical Area",94,"2,033"
124,"Boston-Cambridge-Newton, MA-NH Metropolitan Statistical Area",94,"4,508"
125,"Crestview-Fort Walton Beach-Destin, FL Metropolitan Statistical Area",94,251
126,"Chico, CA Metropolitan Statistical Area",94,213
127,"Lake Havasu City-Kingman, AZ Metropolitan Statistical Area",94,192
128,"College Station-Bryan, TX Metropolitan Statistical Area",93,238
129,"Allentown-Bethlehem-Easton, PA-NJ Metropolitan Statistical Area",93,779
130,"Vineland-Bridgeton, NJ Metropolitan Statistical Area",93,143
131,"Fayetteville, NC Metropolitan Statistical Area",93,353
132,"Charleston-North Charleston, SC Metropolitan Statistical Area",92,704
133,"Mount Vernon-Anacortes, WA Metropolitan Statistical Area",92,114
134,"Indianapolis-Carmel-Anderson, IN Metropolitan Statistical Area",92,"1,847"
135,"Cincinnati, OH-KY-IN Metropolitan Statistical Area",91,"1,969"
136,"Norwich-New London, CT Metropolitan Statistical Area",91,245
137,"St. Louis, MO-IL Metropolitan Statistical Area",91,"2,548"
138,"Rocky Mount, NC Metropolitan Statistical Area",90,133
139,"Manchester-Nashua, NH Metropolitan Statistical Area",90,367
140,"New Orleans-Metairie, LA Metropolitan Statistical Area",90,"1,140"
141,"McAllen-Edinburg-Mission, TX Metropolitan Statistical Area",89,760
142,"Winston-Salem, NC Metropolitan Statistical Area",89,591
143,"Fort Wayne, IN Metropolitan Statistical Area",89,384
144,"Asheville, NC Metropolitan Statistical Area",89,402
145,"Aguadilla-Isabela, PR Metropolitan Statistical Area",89,275
146,"Atlantic City-Hammonton, NJ Metropolitan Statistical Area",89,240
147,"Jacksonville, NC Metropolitan Statistical Area",88,164
148,"Oklahoma City, OK Metropolitan Statistical Area",87,"1,201"
149,"Wichita, KS Metropolitan Statistical Area",87,563
150,"Muskegon, MI Metropolitan Statistical Area",87,150
151,"Bloomington, IL Metropolitan Statistical Area",86,163
152,"Champaign-Urbana, IL Metropolitan Statistical Area",86,206
153,"York-Hanover, PA Metropolitan Statistical Area",86,383
154,"Redding, CA Metropolitan Statistical Area",86,155
155,"Idaho Falls, ID Metropolitan Statistical Area",86,123
156,"Topeka, KS Metropolitan Statistical Area",86,201
157,"Greensboro-High Point, NC Metropolitan Statistical Area",86,649
158,"Reading, PA Metropolitan Statistical Area",86,355
159,"Pensacola-Ferry Pass-Brent, FL Metropolitan Statistical Area",85,415
160,"Kingston, NY Metropolitan Statistical Area",85,153
161,"Bellingham, WA Metropolitan Statistical Area",85,185
162,"Des Moines-West Des Moines, IA Metropolitan Statistical Area",85,540
163,"Pittsburgh, PA Metropolitan Statistical Area",85,"1,992"
164,"Ithaca, NY Metropolitan Statistical Area",85,89
165,"Chattanooga, TN-GA Metropolitan Statistical Area",85,468
166,"Laredo, TX Metropolitan Statistical Area",85,230
167,"Twin Falls, ID Micropolitan Statistical Area",85,90
168,"Flagstaff, AZ Metropolitan Statistical Area",84,119
169,"Mobile, AL Metropolitan Statistical Area",84,350
170,"Valdosta, GA Metropolitan Statistical Area",84,122
171,"Milwaukee-Waukesha-West Allis, WI Metropolitan Statistical Area",84,"1,322"
172,"Birmingham-Hoover, AL Metropolitan Statistical Area",84,963
173,"Lawrence, KS Metropolitan Statistical Area",84,100
174,"Visalia-Porterville, CA Metropolitan Statistical Area",84,385
175,"Columbus, OH Metropolitan Statistical Area",83,"1,699"
176,"Roseburg, OR Micropolitan Statistical Area",83,90
177,"Goldsboro, NC Metropolitan Statistical Area",83,103
178,"Spokane-Spokane Valley, WA Metropolitan Statistical Area",83,460
179,"Warner Robins, GA Metropolitan Statistical Area",83,157
180,"Huntsville, AL Metropolitan Statistical Area",82,371
181,"Knoxville, TN Metropolitan Statistical Area",82,716
182,"Jackson, MS Metropolitan Statistical Area",82,476
183,"Rockford, IL Metropolitan Statistical Area",82,278
184,"Dunn, NC Micropolitan Statistical Area",82,107
185,"Springfield, MA Metropolitan Statistical Area",82,515
186,"Barnstable Town, MA Metropolitan Statistical Area",82,175
187,"Augusta-Richmond County, GA-SC Metropolitan Statistical Area",82,485
188,"Carbondale-Marion, IL Metropolitan Statistical Area",81,103
189,"Yuba City, CA Metropolitan Statistical Area",81,140
190,"Harrisburg-Carlisle, PA Metropolitan Statistical Area",81,460
191,"Albany, OR Metropolitan Statistical Area",81,99
192,"Clarksville, TN-KY Metropolitan Statistical Area",80,227
193,"Medford, OR Metropolitan Statistical Area",80,174
194,"Las Cruces, NM Metropolitan Statistical Area",80,172
195,"Concord, NH Micropolitan Statistical Area",80,119
196,"Madison, WI Metropolitan Statistical Area",80,519
197,"Salisbury, MD-DE Metropolitan Statistical Area",79,318
198,"Auburn-Opelika, AL Metropolitan Statistical Area",79,126
199,"Daphne-Fairhope-Foley, AL Metropolitan Statistical Area",79,165
200,"Amarillo, TX Metropolitan Statistical Area",79,208
201,"Dayton, OH Metropolitan Statistical Area",79,632
202,"Burlington, NC Metropolitan Statistical Area",79,126
203,"Hanford-Corcoran, CA Metropolitan Statistical Area",79,118
204,"Shreveport-Bossier City, LA Metropolitan Statistical Area",79,348
205,"Anchorage, AK Metropolitan Statistical Area",79,317
206,"Rochester, NY Metropolitan Statistical Area",79,847
207,"Akron, OH Metropolitan Statistical Area",78,551
208,"Morristown, TN Metropolitan Statistical Area",78,92
209,"Albany, GA Metropolitan Statistical Area",78,119
210,"Rochester, MN Metropolitan Statistical Area",78,168
211,"Cookeville, TN Micropolitan Statistical Area",78,85
212,"Waco, TX Metropolitan Statistical Area",77,205
213,"Texarkana, TX-AR Metropolitan Statistical Area",77,116
214,"Omaha-Council Bluffs, NE-IA Metropolitan Statistical Area",77,713
215,"Hattiesburg, MS Metropolitan Statistical Area",77,115
216,"Eureka-Arcata-Fortuna, CA Micropolitan Statistical Area",77,105
217,"St. George, UT Metropolitan Statistical Area",77,123
218,"Worcester, MA-CT Metropolitan Statistical Area",77,718
219,"Hagerstown-Martinsburg, MD-WV Metropolitan Statistical Area",77,202
220,"Lexington-Fayette, KY Metropolitan Statistical Area",76,387
221,"Cedar Rapids, IA Metropolitan Statistical Area",76,203
222,"Charleston, WV Metropolitan Statistical Area",75,164
223,"Ogden-Clearfield, UT Metropolitan Statistical Area",75,492
224,"Portland-South Portland, ME Metropolitan Statistical Area",75,398
225,"Spartanburg, SC Metropolitan Statistical Area",75,247
226,"Charlottesville, VA Metropolitan Statistical Area",75,173
227,"Fayetteville-Springdale-Rogers, AR-MO Metropolitan Statistical Area",74,388
228,"Lafayette-West Lafayette, IN Metropolitan Statistical Area",74,160
229,"Florence, SC Metropolitan Statistical Area",74,152
230,"Wilmington, NC Metropolitan Statistical Area",74,208
231,"Lebanon, PA Metropolitan Statistical Area",73,102
232,"Youngstown-Warren-Boardman, OH-PA Metropolitan Statistical Area",73,400
233,"South Bend-Mishawaka, IN-MI Metropolitan Statistical Area",73,235
234,"Longview, TX Metropolitan Statistical Area",73,159
235,"Eugene, OR Metropolitan Statistical Area",73,270
236,"Columbia, MO Metropolitan Statistical Area",73,129
237,"Salem, OR Metropolitan Statistical Area",73,305
238,"Springfield, MO Metropolitan Statistical Area",73,333
239,"Sherman-Denison, TX Metropolitan Statistical Area",73,93
240,"Racine, WI Metropolitan Statistical Area",72,141
241,"Altoona, PA Metropolitan Statistical Area",72,90
242,"Scranton--Wilkes-Barre--Hazleton, PA Metropolitan Statistical Area",72,400
243,"Midland, TX Metropolitan Statistical Area",72,121
244,"Whitewater-Elkhorn, WI Micropolitan Statistical Area",72,74
245,"Kankakee, IL Metropolitan Statistical Area",72,79
246,"Peoria, IL Metropolitan Statistical Area",72,270
247,"Salinas, CA Metropolitan Statistical Area",72,312
248,"Bloomington, IN Metropolitan Statistical Area",72,119
249,"Richmond, VA Metropolitan Statistical Area",71,913
250,"Myrtle Beach-Conway-North Myrtle Beach, SC-NC Metropolitan Statistical Area",71,318
251,"East Stroudsburg, PA Metropolitan Statistical Area",70,117
252,"Alexandria, LA Metropolitan Statistical Area",70,109
253,"Wausau, WI Metropolitan Statistical Area",70,95
254,"Provo-Orem, UT Metropolitan Statistical Area",70,421
255,"Fargo, ND-MN Metropolitan Statistical Area",70,166
256,"Baton Rouge, LA Metropolitan Statistical Area",70,581
257,"Sheboygan, WI Metropolitan Statistical Area",69,80
258,"Lancaster, PA Metropolitan Statistical Area",69,373
259,"Tyler, TX Metropolitan Statistical Area",69,156
260,"Toledo, OH Metropolitan Statistical Area",69,419
261,"Urban Honolulu, HI Metropolitan Statistical Area",69,682
262,"El Centro, CA Metropolitan Statistical Area",69,124
263,"Gettysburg, PA Metropolitan Statistical Area",69,70
264,"Yakima, WA Metropolitan Statistical Area",68,171
265,"Buffalo-Cheektowaga-Niagara Falls, NY Metropolitan Statistical Area",68,775
266,"Muncie, IN Metropolitan Statistical Area",68,79
267,"Jackson, TN Metropolitan Statistical Area",68,88
268,"Greenville, NC Metropolitan Statistical Area",68,120
269,"Dothan, AL Metropolitan Statistical Area",68,100
270,"Lumberton, NC Micropolitan Statistical Area",68,90
271,"Albany-Schenectady-Troy, NY Metropolitan Statistical Area",67,595
272,"Michigan City-La Porte, IN Metropolitan Statistical Area",67,74
273,"Yuma, AZ Metropolitan Statistical Area",67,138
274,"Monroe, LA Metropolitan Statistical Area",67,120
275,"Longview, WA Metropolitan Statistical Area",67,70
276,"Canton-Massillon, OH Metropolitan Statistical Area",67,267
277,"Anniston-Oxford-Jacksonville, AL Metropolitan Statistical Area",66,76
278,"Tuscaloosa, AL Metropolitan Statistical Area",66,160
279,"Grand Forks, ND-MN Metropolitan Statistical Area",66,68
280,"Erie, PA Metropolitan Statistical Area",66,182
281,"Lawton, OK Metropolitan Statistical Area",66,84
282,"Ottawa-Peru, IL Micropolitan Statistical Area",66,98
283,"Athens-Clarke County, GA Metropolitan Statistical Area",65,134
284,"Brunswick, GA Metropolitan Statistical Area",65,76
285,"Houma-Thibodaux, LA Metropolitan Statistical Area",65,137
286,"Decatur, IL Metropolitan Statistical Area",65,69
287,"Grand Junction, CO Metropolitan Statistical Area",65,97
288,"Rapid City, SD Metropolitan Statistical Area",65,94
289,"Bozeman, MT Micropolitan Statistical Area",64,67
290,"San Germ�n, PR Metropolitan Statistical Area",64,82
291,"Richmond-Berea, KY Micropolitan Statistical Area",64,68
292,"Bangor, ME Metropolitan Statistical Area",64,97
293,"Oshkosh-Neenah, WI Metropolitan Statistical Area",64,108
294,"Hickory-Lenoir-Morganton, NC Metropolitan Statistical Area",63,231
295,"Jefferson City, MO Metropolitan Statistical Area",63,96
296,"Chambersburg-Waynesboro, PA Metropolitan Statistical Area",63,97
297,"Morgantown, WV Metropolitan Statistical Area",63,87
298,"Gulfport-Biloxi-Pascagoula, MS Metropolitan Statistical Area",63,245
299,"State College, PA Metropolitan Statistical Area",63,101
300,"Kennewick-Richland, WA Metropolitan Statistical Area",62,177
301,"Lubbock, TX Metropolitan Statistical Area",62,196
302,"Lake Charles, LA Metropolitan Statistical Area",62,129
303,"Syracuse, NY Metropolitan Statistical Area",62,407
304,"Mankato-North Mankato, MN Metropolitan Statistical Area",62,62
305,"New Bern, NC Metropolitan Statistical Area",62,78
306,"Jamestown-Dunkirk-Fredonia, NY Micropolitan Statistical Area",62,80
307,"Salem, OH Micropolitan Statistical Area",62,64
308,"Bend-Redmond, OR Metropolitan Statistical Area",61,111
309,"Show Low, AZ Micropolitan Statistical Area",61,67
310,"Bismarck, ND Metropolitan Statistical Area",61,80
311,"Abilene, TX Metropolitan Statistical Area",60,103
312,"Terre Haute, IN Metropolitan Statistical Area",60,103
313,"Wenatchee, WA Metropolitan Statistical Area",60,71
314,"Arecibo, PR Metropolitan Statistical Area",60,111
315,"Elizabethtown-Fort Knox, KY Metropolitan Statistical Area",60,89
316,"Gainesville, GA Metropolitan Statistical Area",60,117
317,"Iowa City, IA Metropolitan Statistical Area",59,100
318,"Coeur d'Alene, ID Metropolitan Statistical Area",59,91
319,"Davenport-Moline-Rock Island, IA-IL Metropolitan Statistical Area",59,224
320,"Pottsville, PA Micropolitan Statistical Area",59,84
321,"Joplin, MO Metropolitan Statistical Area",58,104
322,"Burlington-South Burlington, VT Metropolitan Statistical Area",58,127
323,"Lincoln, NE Metropolitan Statistical Area",58,191
324,"Utica-Rome, NY Metropolitan Statistical Area",58,170
325,"Claremont-Lebanon, NH-VT Micropolitan Statistical Area",58,125
326,"La Crosse-Onalaska, WI-MN Metropolitan Statistical Area",58,79
327,"Winchester, VA-WV Metropolitan Statistical Area",58,78
328,"Eau Claire, WI Metropolitan Statistical Area",57,95
329,"San Angelo, TX Metropolitan Statistical Area",57,68
330,"Bowling Green, KY Metropolitan Statistical Area",57,97
331,"Williamsport, PA Metropolitan Statistical Area",56,65
332,"Evansville, IN-KY Metropolitan Statistical Area",56,178
333,"Green Bay, WI Metropolitan Statistical Area",56,178
334,"Gadsden, AL Metropolitan Statistical Area",56,57
335,"Kingsport-Bristol-Bristol, TN-VA Metropolitan Statistical Area",55,169
336,"Pittsfield, MA Metropolitan Statistical Area",55,70
337,"Sioux Falls, SD Metropolitan Statistical Area",55,141
338,"Sioux City, IA-NE-SD Metropolitan Statistical Area",55,93
339,"Duluth, MN-WI Metropolitan Statistical Area",55,153
340,"Billings, MT Metropolitan Statistical Area",55,93
341,"Bluefield, WV-VA Micropolitan Statistical Area",55,56
342,"Casper, WY Metropolitan Statistical Area",54,44
343,"Odessa, TX Metropolitan Statistical Area",53,84
344,"Weirton-Steubenville, WV-OH Metropolitan Statistical Area",53,63
345,"Johnstown, PA Metropolitan Statistical Area",53,71
346,"Watertown-Fort Drum, NY Metropolitan Statistical Area",53,60
347,"Tullahoma-Manchester, TN Micropolitan Statistical Area",53,54
348,"Cleveland, TN Metropolitan Statistical Area",52,63
349,"Lynchburg, VA Metropolitan Statistical Area",52,135
350,"St. Joseph, MO-KS Metropolitan Statistical Area",51,65
351,"Lafayette, LA Metropolitan Statistical Area",51,251
352,"Wooster, OH Micropolitan Statistical Area",51,59
353,"Beckley, WV Metropolitan Statistical Area",50,61
354,"Farmington, NM Metropolitan Statistical Area",50,58
355,"Mansfield, OH Metropolitan Statistical Area",50,61
356,"Meridian, MS Micropolitan Statistical Area",50,52
357,"Janesville-Beloit, WI Metropolitan Statistical Area",50,81
358,"London, KY Micropolitan Statistical Area",50,64
359,"Fairbanks, AK Metropolitan Statistical Area",50,50
360,"Kahului-Wailuku-Lahaina, HI Metropolitan Statistical Area",50,82
361,"Springfield, OH Metropolitan Statistical Area",49,66
362,"Binghamton, NY Metropolitan Statistical Area",49,119
363,"Florence-Muscle Shoals, AL Metropolitan Statistical Area",48,71
364,"Johnson City, TN Metropolitan Statistical Area",48,97
365,"Hilo, HI Micropolitan Statistical Area",48,95
366,"Glens Falls, NY Metropolitan Statistical Area",47,60
367,"Appleton, WI Metropolitan Statistical Area",47,111
368,"Logan, UT-ID Metropolitan Statistical Area",46,63
369,"Waterloo-Cedar Falls, IA Metropolitan Statistical Area",46,78
370,"Elkhart-Goshen, IN Metropolitan Statistical Area",46,93
371,"Augusta-Waterville, ME Micropolitan Statistical Area",45,54
372,"Jonesboro, AR Metropolitan Statistical Area",45,58
373,"Dalton, GA Metropolitan Statistical Area",44,64
374,"Huntington-Ashland, WV-KY-OH Metropolitan Statistical Area",44,159
375,"Tupelo, MS Micropolitan Statistical Area",43,61
376,"Lewiston-Auburn, ME Metropolitan Statistical Area",43,46
377,"Wheeling, WV-OH Metropolitan Statistical Area",43,61
378,"Ogdensburg-Massena, NY Micropolitan Statistical Area",42,46
379,"Fort Smith, AR-OK Metropolitan Statistical Area",42,117
380,"Decatur, AL Metropolitan Statistical Area",40,61
381,"St. Cloud, MN Metropolitan Statistical Area",39,77
382,"Lima, OH Metropolitan Statistical Area",39,40
383,"Blacksburg-Christiansburg-Radford, VA Metropolitan Statistical Area",36,65
384,"Roanoke, VA Metropolitan Statistical Area",34,108
385,"Harrisonburg, VA Metropolitan Statistical Area",31,41
386,"Fond du Lac, WI Metropolitan Statistical Area",26,27
387,"Staunton-Waynesboro, VA Metropolitan Statistical Area",26,32
388,"Danville, VA Micropolitan Statistical Area",16,17
389,"Virginia Beach-Norfolk-Newport News, VA-NC Metropolitan Statistical Area",11,189
,,,
"Metropolitan Areas are defined by the Office of Management and Budget, and population estimates are based on 2016 U.S. Census figures. Metropolitan Areas are ranked based on the number of reports per 100,000 population.  Reports exclude state-specific data contributor reports.",,,
,,,
"Source: Consumer Sentinel Network Data Book 2017, Federal Trade Commission",,,
