State: Top Ten Report Categories,,,
,,,
State,Category,# of Reports,Percentage
Alaska,Imposter Scams,614,18%
Alaska,"Prizes, Sweepstakes and Lotteries",595,17%
Alaska,Identity Theft,494,14%
Alaska,Shop-at-Home and Catalog Sales,244,7%
Alaska,Telephone and Mobile Services,222,6%
Alaska,Banks and Lenders,187,5%
Alaska,Debt Collection,164,5%
Alaska,Auto Related,150,4%
Alaska,Internet Services,88,3%
Alaska,Credit Cards,81,2%
Alabama,Debt Collection,11647,31%
Alabama,Imposter Scams,4679,13%
Alabama,Identity Theft,3609,10%
Alabama,"Prizes, Sweepstakes and Lotteries",3008,8%
Alabama,Banks and Lenders,1794,5%
Alabama,Telephone and Mobile Services,1780,5%
Alabama,"Credit Bureaus, Information Furnishers and Report Users",1633,4%
Alabama,Shop-at-Home and Catalog Sales,1315,4%
Alabama,Auto Related,1131,3%
Alabama,Television and Electronic Media,702,2%
Arkansas,Debt Collection,2829,17%
Arkansas,Imposter Scams,2618,16%
Arkansas,Identity Theft,2084,13%
Arkansas,"Prizes, Sweepstakes and Lotteries",1922,12%
Arkansas,Telephone and Mobile Services,929,6%
Arkansas,Shop-at-Home and Catalog Sales,738,4%
Arkansas,Banks and Lenders,708,4%
Arkansas,"Credit Bureaus, Information Furnishers and Report Users",654,4%
Arkansas,Auto Related,482,3%
Arkansas,Television and Electronic Media,321,2%
Arizona,Debt Collection,9170,17%
Arizona,Identity Theft,8330,16%
Arizona,Imposter Scams,8319,16%
Arizona,Telephone and Mobile Services,3819,7%
Arizona,Banks and Lenders,3240,6%
Arizona,"Prizes, Sweepstakes and Lotteries",2558,5%
Arizona,Auto Related,1887,4%
Arizona,Shop-at-Home and Catalog Sales,1866,3%
Arizona,"Credit Bureaus, Information Furnishers and Report Users",1817,3%
Arizona,Television and Electronic Media,1263,2%
California,Debt Collection,67974,24%
California,Identity Theft,55418,20%
California,Imposter Scams,29871,11%
California,Banks and Lenders,17366,6%
California,Telephone and Mobile Services,14360,5%
California,"Credit Bureaus, Information Furnishers and Report Users",12851,5%
California,Shop-at-Home and Catalog Sales,11098,4%
California,"Prizes, Sweepstakes and Lotteries",9186,3%
California,Auto Related,7779,3%
California,Credit Cards,5861,2%
Colorado,Identity Theft,6051,16%
Colorado,Imposter Scams,5985,16%
Colorado,Debt Collection,5518,15%
Colorado,Telephone and Mobile Services,2474,7%
Colorado,Banks and Lenders,2439,6%
Colorado,Shop-at-Home and Catalog Sales,1911,5%
Colorado,"Prizes, Sweepstakes and Lotteries",1790,5%
Colorado,Auto Related,1516,4%
Colorado,"Credit Bureaus, Information Furnishers and Report Users",1495,4%
Colorado,Internet Services,841,2%
Connecticut,Identity Theft,4078,17%
Connecticut,Debt Collection,4006,17%
Connecticut,Imposter Scams,3389,14%
Connecticut,Banks and Lenders,1789,8%
Connecticut,Telephone and Mobile Services,1207,5%
Connecticut,Shop-at-Home and Catalog Sales,1107,5%
Connecticut,"Credit Bureaus, Information Furnishers and Report Users",1039,4%
Connecticut,Auto Related,990,4%
Connecticut,"Prizes, Sweepstakes and Lotteries",876,4%
Connecticut,Credit Cards,580,2%
District of Columbia,Debt Collection,2778,30%
District of Columbia,Identity Theft,1333,14%
District of Columbia,Imposter Scams,908,10%
District of Columbia,Banks and Lenders,773,8%
District of Columbia,"Credit Bureaus, Information Furnishers and Report Users",430,5%
District of Columbia,Shop-at-Home and Catalog Sales,376,4%
District of Columbia,Telephone and Mobile Services,367,4%
District of Columbia,Auto Related,262,3%
District of Columbia,Credit Cards,243,3%
District of Columbia,"Prizes, Sweepstakes and Lotteries",199,2%
Delaware,Debt Collection,1878,22%
Delaware,Identity Theft,1211,14%
Delaware,Imposter Scams,1035,12%
Delaware,Banks and Lenders,575,7%
Delaware,"Credit Bureaus, Information Furnishers and Report Users",493,6%
Delaware,Telephone and Mobile Services,450,5%
Delaware,"Prizes, Sweepstakes and Lotteries",389,5%
Delaware,Shop-at-Home and Catalog Sales,367,4%
Delaware,Auto Related,302,4%
Delaware,Credit Cards,253,3%
Florida,Debt Collection,97059,41%
Florida,Identity Theft,31167,13%
Florida,Imposter Scams,21548,9%
Florida,Banks and Lenders,11450,5%
Florida,"Credit Bureaus, Information Furnishers and Report Users",10228,4%
Florida,Telephone and Mobile Services,9000,4%
Florida,"Prizes, Sweepstakes and Lotteries",7904,3%
Florida,Auto Related,7161,3%
Florida,Shop-at-Home and Catalog Sales,6830,3%
Florida,Television and Electronic Media,4574,2%
Georgia,Debt Collection,41380,38%
Georgia,Identity Theft,12548,12%
Georgia,"Credit Bureaus, Information Furnishers and Report Users",8359,8%
Georgia,Imposter Scams,8294,8%
Georgia,Banks and Lenders,6340,6%
Georgia,Telephone and Mobile Services,4305,4%
Georgia,Auto Related,3852,4%
Georgia,"Prizes, Sweepstakes and Lotteries",3698,3%
Georgia,Shop-at-Home and Catalog Sales,3273,3%
Georgia,Television and Electronic Media,1860,2%
Hawaii,Imposter Scams,1105,16%
Hawaii,Identity Theft,890,13%
Hawaii,"Prizes, Sweepstakes and Lotteries",704,10%
Hawaii,Telephone and Mobile Services,675,10%
Hawaii,Shop-at-Home and Catalog Sales,422,6%
Hawaii,Debt Collection,413,6%
Hawaii,Banks and Lenders,412,6%
Hawaii,Auto Related,254,4%
Hawaii,"Credit Bureaus, Information Furnishers and Report Users",254,4%
Hawaii,Credit Cards,176,3%
Iowa,Imposter Scams,2360,19%
Iowa,Identity Theft,1870,15%
Iowa,Telephone and Mobile Services,1017,8%
Iowa,"Prizes, Sweepstakes and Lotteries",900,7%
Iowa,Debt Collection,811,7%
Iowa,Banks and Lenders,765,6%
Iowa,Shop-at-Home and Catalog Sales,732,6%
Iowa,Auto Related,609,5%
Iowa,"Credit Bureaus, Information Furnishers and Report Users",411,3%
Iowa,Television and Electronic Media,366,3%
Idaho,Imposter Scams,1774,19%
Idaho,Identity Theft,1356,14%
Idaho,Debt Collection,1192,12%
Idaho,"Prizes, Sweepstakes and Lotteries",904,9%
Idaho,Telephone and Mobile Services,699,7%
Idaho,Banks and Lenders,494,5%
Idaho,Shop-at-Home and Catalog Sales,471,5%
Idaho,Auto Related,405,4%
Idaho,Internet Services,256,3%
Idaho,Television and Electronic Media,238,2%
Illinois,Identity Theft,15841,19%
Illinois,Debt Collection,13666,17%
Illinois,Imposter Scams,9465,12%
Illinois,Banks and Lenders,5601,7%
Illinois,Telephone and Mobile Services,4930,6%
Illinois,"Credit Bureaus, Information Furnishers and Report Users",4831,6%
Illinois,Shop-at-Home and Catalog Sales,3669,4%
Illinois,"Prizes, Sweepstakes and Lotteries",3514,4%
Illinois,Auto Related,3025,4%
Illinois,Television and Electronic Media,2250,3%
Indiana,Debt Collection,8166,21%
Indiana,Imposter Scams,5773,15%
Indiana,Identity Theft,5027,13%
Indiana,"Prizes, Sweepstakes and Lotteries",2814,7%
Indiana,Auto Related,2569,6%
Indiana,Banks and Lenders,2447,6%
Indiana,Telephone and Mobile Services,2315,6%
Indiana,Shop-at-Home and Catalog Sales,2104,5%
Indiana,"Credit Bureaus, Information Furnishers and Report Users",1483,4%
Indiana,Television and Electronic Media,1268,3%
Kansas,Imposter Scams,2992,18%
Kansas,Debt Collection,2587,16%
Kansas,Identity Theft,2100,13%
Kansas,"Prizes, Sweepstakes and Lotteries",1648,10%
Kansas,Telephone and Mobile Services,907,5%
Kansas,Banks and Lenders,822,5%
Kansas,Shop-at-Home and Catalog Sales,744,4%
Kansas,"Credit Bureaus, Information Furnishers and Report Users",643,4%
Kansas,Auto Related,531,3%
Kansas,Television and Electronic Media,319,2%
Kentucky,Debt Collection,5031,20%
Kentucky,Imposter Scams,3777,15%
Kentucky,Identity Theft,3060,12%
Kentucky,"Prizes, Sweepstakes and Lotteries",1771,7%
Kentucky,Telephone and Mobile Services,1585,6%
Kentucky,Banks and Lenders,1259,5%
Kentucky,Shop-at-Home and Catalog Sales,1223,5%
Kentucky,Auto Related,1059,4%
Kentucky,"Credit Bureaus, Information Furnishers and Report Users",908,4%
Kentucky,Television and Electronic Media,785,3%
Louisiana,Debt Collection,9151,30%
Louisiana,Imposter Scams,3478,11%
Louisiana,Identity Theft,3340,11%
Louisiana,"Credit Bureaus, Information Furnishers and Report Users",1929,6%
Louisiana,"Prizes, Sweepstakes and Lotteries",1818,6%
Louisiana,Banks and Lenders,1708,6%
Louisiana,Telephone and Mobile Services,1420,5%
Louisiana,Shop-at-Home and Catalog Sales,1205,4%
Louisiana,Auto Related,887,3%
Louisiana,Television and Electronic Media,524,2%
Massachusetts,Debt Collection,6159,16%
Massachusetts,Imposter Scams,6089,16%
Massachusetts,Identity Theft,6016,15%
Massachusetts,Banks and Lenders,2907,7%
Massachusetts,Shop-at-Home and Catalog Sales,2374,6%
Massachusetts,Telephone and Mobile Services,2200,6%
Massachusetts,"Prizes, Sweepstakes and Lotteries",1701,4%
Massachusetts,Auto Related,1505,4%
Massachusetts,"Credit Bureaus, Information Furnishers and Report Users",1439,4%
Massachusetts,Credit Cards,877,2%
Maryland,Debt Collection,10276,21%
Maryland,Identity Theft,7788,16%
Maryland,Imposter Scams,5429,11%
Maryland,Banks and Lenders,4323,9%
Maryland,"Credit Bureaus, Information Furnishers and Report Users",2713,5%
Maryland,Telephone and Mobile Services,2526,5%
Maryland,Shop-at-Home and Catalog Sales,2255,5%
Maryland,Auto Related,1972,4%
Maryland,"Prizes, Sweepstakes and Lotteries",1825,4%
Maryland,Credit Cards,1191,2%
Maine,Auto Related,1243,19%
Maine,Debt Collection,1091,17%
Maine,Imposter Scams,1077,17%
Maine,Identity Theft,806,12%
Maine,Telephone and Mobile Services,739,11%
Maine,Banks and Lenders,537,8%
Maine,Television and Electronic Media,507,8%
Maine,Shop-at-Home and Catalog Sales,424,7%
Maine,"Prizes, Sweepstakes and Lotteries",419,6%
Maine,Health Care,341,5%
Michigan,Debt Collection,36043,40%
Michigan,Identity Theft,15027,17%
Michigan,Imposter Scams,8487,9%
Michigan,Banks and Lenders,3988,4%
Michigan,Telephone and Mobile Services,3732,4%
Michigan,"Prizes, Sweepstakes and Lotteries",3476,4%
Michigan,Shop-at-Home and Catalog Sales,3229,4%
Michigan,"Credit Bureaus, Information Furnishers and Report Users",2673,3%
Michigan,Auto Related,1847,2%
Michigan,Television and Electronic Media,1654,2%
Minnesota,Imposter Scams,4548,16%
Minnesota,Identity Theft,4324,15%
Minnesota,Debt Collection,3292,12%
Minnesota,"Prizes, Sweepstakes and Lotteries",2314,8%
Minnesota,Banks and Lenders,1787,6%
Minnesota,Telephone and Mobile Services,1683,6%
Minnesota,Shop-at-Home and Catalog Sales,1586,6%
Minnesota,"Credit Bureaus, Information Furnishers and Report Users",981,3%
Minnesota,Auto Related,829,3%
Minnesota,Television and Electronic Media,687,2%
Missouri,Debt Collection,10391,24%
Missouri,Imposter Scams,5997,14%
Missouri,Identity Theft,4994,11%
Missouri,"Prizes, Sweepstakes and Lotteries",3075,7%
Missouri,Banks and Lenders,2484,6%
Missouri,Telephone and Mobile Services,2426,5%
Missouri,Auto Related,2021,5%
Missouri,Shop-at-Home and Catalog Sales,1787,4%
Missouri,"Credit Bureaus, Information Furnishers and Report Users",1708,4%
Missouri,Television and Electronic Media,1034,2%
Mississippi,Debt Collection,4083,23%
Mississippi,Imposter Scams,2440,14%
Mississippi,Identity Theft,2064,12%
Mississippi,"Prizes, Sweepstakes and Lotteries",1413,8%
Mississippi,Banks and Lenders,972,6%
Mississippi,Telephone and Mobile Services,867,5%
Mississippi,Shop-at-Home and Catalog Sales,799,5%
Mississippi,"Credit Bureaus, Information Furnishers and Report Users",766,4%
Mississippi,Auto Related,600,3%
Mississippi,Television and Electronic Media,353,2%
Montana,Imposter Scams,1342,24%
Montana,"Prizes, Sweepstakes and Lotteries",759,14%
Montana,Identity Theft,638,11%
Montana,Telephone and Mobile Services,518,9%
Montana,Debt Collection,349,6%
Montana,Shop-at-Home and Catalog Sales,281,5%
Montana,Banks and Lenders,278,5%
Montana,Auto Related,194,3%
Montana,Internet Services,159,3%
Montana,"Credit Bureaus, Information Furnishers and Report Users",121,2%
North Carolina,Debt Collection,13150,19%
North Carolina,Imposter Scams,9583,14%
North Carolina,Identity Theft,9424,14%
North Carolina,"Prizes, Sweepstakes and Lotteries",5848,8%
North Carolina,Banks and Lenders,4905,7%
North Carolina,Telephone and Mobile Services,4549,7%
North Carolina,"Credit Bureaus, Information Furnishers and Report Users",4383,6%
North Carolina,Auto Related,3512,5%
North Carolina,Shop-at-Home and Catalog Sales,3202,5%
North Carolina,Television and Electronic Media,1978,3%
North Dakota,Identity Theft,467,18%
North Dakota,Imposter Scams,370,14%
North Dakota,"Prizes, Sweepstakes and Lotteries",290,11%
North Dakota,"Credit Bureaus, Information Furnishers and Report Users",239,9%
North Dakota,Debt Collection,163,6%
North Dakota,Shop-at-Home and Catalog Sales,159,6%
North Dakota,Telephone and Mobile Services,156,6%
North Dakota,Banks and Lenders,138,5%
North Dakota,Auto Related,90,4%
North Dakota,Credit Cards,61,2%
Nebraska,Imposter Scams,1648,19%
Nebraska,Identity Theft,1170,13%
Nebraska,Telephone and Mobile Services,724,8%
Nebraska,"Prizes, Sweepstakes and Lotteries",709,8%
Nebraska,Debt Collection,590,7%
Nebraska,Banks and Lenders,495,6%
Nebraska,Shop-at-Home and Catalog Sales,466,5%
Nebraska,"Credit Bureaus, Information Furnishers and Report Users",298,3%
Nebraska,Auto Related,280,3%
Nebraska,Internet Services,215,2%
New Hampshire,Imposter Scams,1266,16%
New Hampshire,Identity Theft,1097,14%
New Hampshire,Debt Collection,926,12%
New Hampshire,Banks and Lenders,602,8%
New Hampshire,Telephone and Mobile Services,511,6%
New Hampshire,"Prizes, Sweepstakes and Lotteries",472,6%
New Hampshire,Shop-at-Home and Catalog Sales,472,6%
New Hampshire,Auto Related,429,5%
New Hampshire,"Credit Bureaus, Information Furnishers and Report Users",197,2%
New Hampshire,Credit Cards,186,2%
New Jersey,Debt Collection,11803,20%
New Jersey,Identity Theft,9533,16%
New Jersey,Imposter Scams,6481,11%
New Jersey,Banks and Lenders,5150,9%
New Jersey,Telephone and Mobile Services,3280,6%
New Jersey,Shop-at-Home and Catalog Sales,2948,5%
New Jersey,"Credit Bureaus, Information Furnishers and Report Users",2723,5%
New Jersey,Auto Related,2437,4%
New Jersey,"Prizes, Sweepstakes and Lotteries",2100,4%
New Jersey,Credit Cards,1645,3%
New Mexico,Debt Collection,3273,23%
New Mexico,Imposter Scams,2157,15%
New Mexico,Identity Theft,1909,13%
New Mexico,"Prizes, Sweepstakes and Lotteries",991,7%
New Mexico,Telephone and Mobile Services,814,6%
New Mexico,Banks and Lenders,625,4%
New Mexico,"Credit Bureaus, Information Furnishers and Report Users",598,4%
New Mexico,Shop-at-Home and Catalog Sales,510,4%
New Mexico,Foreign Money Offers and Counterfeit Check Scams,452,3%
New Mexico,Auto Related,392,3%
Nevada,Debt Collection,6538,24%
Nevada,Identity Theft,3828,14%
Nevada,Imposter Scams,3641,14%
Nevada,Banks and Lenders,1766,7%
Nevada,Telephone and Mobile Services,1747,6%
Nevada,"Credit Bureaus, Information Furnishers and Report Users",1181,4%
Nevada,"Prizes, Sweepstakes and Lotteries",983,4%
Nevada,Shop-at-Home and Catalog Sales,983,4%
Nevada,Auto Related,910,3%
Nevada,Credit Cards,508,2%
New York,Identity Theft,20397,17%
New York,Debt Collection,20110,17%
New York,Imposter Scams,15139,12%
New York,Banks and Lenders,9289,8%
New York,Telephone and Mobile Services,7598,6%
New York,Shop-at-Home and Catalog Sales,6698,6%
New York,"Credit Bureaus, Information Furnishers and Report Users",5624,5%
New York,"Prizes, Sweepstakes and Lotteries",4716,4%
New York,Auto Related,4354,4%
New York,Credit Cards,3268,3%
Ohio,Debt Collection,20576,26%
Ohio,Identity Theft,9121,12%
Ohio,Imposter Scams,9097,12%
Ohio,Banks and Lenders,4999,6%
Ohio,"Prizes, Sweepstakes and Lotteries",4906,6%
Ohio,Telephone and Mobile Services,4475,6%
Ohio,Auto Related,3482,4%
Ohio,Shop-at-Home and Catalog Sales,3397,4%
Ohio,"Credit Bureaus, Information Furnishers and Report Users",2578,3%
Ohio,Television and Electronic Media,2404,3%
Oklahoma,Debt Collection,5154,24%
Oklahoma,Imposter Scams,2979,14%
Oklahoma,Identity Theft,2901,13%
Oklahoma,"Prizes, Sweepstakes and Lotteries",1942,9%
Oklahoma,Telephone and Mobile Services,1172,5%
Oklahoma,Banks and Lenders,1044,5%
Oklahoma,Shop-at-Home and Catalog Sales,849,4%
Oklahoma,Auto Related,683,3%
Oklahoma,"Credit Bureaus, Information Furnishers and Report Users",581,3%
Oklahoma,Television and Electronic Media,416,2%
Oregon,Imposter Scams,4634,19%
Oregon,Identity Theft,3714,15%
Oregon,Debt Collection,2840,11%
Oregon,Telephone and Mobile Services,2086,8%
Oregon,"Prizes, Sweepstakes and Lotteries",1790,7%
Oregon,Banks and Lenders,1687,7%
Oregon,Shop-at-Home and Catalog Sales,1258,5%
Oregon,Auto Related,875,4%
Oregon,"Credit Bureaus, Information Furnishers and Report Users",848,3%
Oregon,Internet Services,844,3%
Pennsylvania,Debt Collection,18474,22%
Pennsylvania,Identity Theft,12468,15%
Pennsylvania,Imposter Scams,10340,12%
Pennsylvania,Banks and Lenders,5601,7%
Pennsylvania,Telephone and Mobile Services,5028,6%
Pennsylvania,"Prizes, Sweepstakes and Lotteries",4317,5%
Pennsylvania,Shop-at-Home and Catalog Sales,4182,5%
Pennsylvania,"Credit Bureaus, Information Furnishers and Report Users",2880,3%
Pennsylvania,Auto Related,2677,3%
Pennsylvania,Credit Cards,1735,2%
Puerto Rico,Identity Theft,2046,47%
Puerto Rico,Imposter Scams,365,8%
Puerto Rico,"Credit Bureaus, Information Furnishers and Report Users",238,5%
Puerto Rico,Banks and Lenders,236,5%
Puerto Rico,Shop-at-Home and Catalog Sales,179,4%
Puerto Rico,Debt Collection,165,4%
Puerto Rico,Telephone and Mobile Services,140,3%
Puerto Rico,"Prizes, Sweepstakes and Lotteries",82,2%
Puerto Rico,Credit Cards,79,2%
Puerto Rico,Advance Payments for Credit Services,74,2%
Rhode Island,Debt Collection,1904,26%
Rhode Island,Identity Theft,1302,18%
Rhode Island,Imposter Scams,1027,14%
Rhode Island,Banks and Lenders,455,6%
Rhode Island,Telephone and Mobile Services,330,5%
Rhode Island,Shop-at-Home and Catalog Sales,323,4%
Rhode Island,"Prizes, Sweepstakes and Lotteries",271,4%
Rhode Island,Auto Related,221,3%
Rhode Island,"Credit Bureaus, Information Furnishers and Report Users",177,2%
Rhode Island,Credit Cards,144,2%
South Carolina,Debt Collection,10147,27%
South Carolina,Imposter Scams,4510,12%
South Carolina,Identity Theft,4509,12%
South Carolina,"Prizes, Sweepstakes and Lotteries",2766,7%
South Carolina,Banks and Lenders,2328,6%
South Carolina,"Credit Bureaus, Information Furnishers and Report Users",2117,6%
South Carolina,Telephone and Mobile Services,1916,5%
South Carolina,Shop-at-Home and Catalog Sales,1595,4%
South Carolina,Auto Related,1565,4%
South Carolina,Television and Electronic Media,1048,3%
South Dakota,Imposter Scams,482,16%
South Dakota,Identity Theft,403,13%
South Dakota,"Prizes, Sweepstakes and Lotteries",309,10%
South Dakota,Telephone and Mobile Services,286,9%
South Dakota,Debt Collection,229,7%
South Dakota,Banks and Lenders,214,7%
South Dakota,Shop-at-Home and Catalog Sales,182,6%
South Dakota,Auto Related,108,3%
South Dakota,"Credit Bureaus, Information Furnishers and Report Users",86,3%
South Dakota,Credit Cards,79,3%
Tennessee,Debt Collection,13508,27%
Tennessee,Imposter Scams,5906,12%
Tennessee,Identity Theft,5586,11%
Tennessee,"Prizes, Sweepstakes and Lotteries",3179,6%
Tennessee,Banks and Lenders,2615,5%
Tennessee,Telephone and Mobile Services,2561,5%
Tennessee,"Credit Bureaus, Information Furnishers and Report Users",2213,5%
Tennessee,Shop-at-Home and Catalog Sales,2023,4%
Tennessee,Auto Related,1901,4%
Tennessee,Television and Electronic Media,1273,3%
Texas,Debt Collection,94816,40%
Texas,Identity Theft,33454,14%
Texas,Imposter Scams,20611,9%
Texas,"Credit Bureaus, Information Furnishers and Report Users",11187,5%
Texas,Banks and Lenders,10041,4%
Texas,Telephone and Mobile Services,8494,4%
Texas,"Prizes, Sweepstakes and Lotteries",8472,4%
Texas,Shop-at-Home and Catalog Sales,7089,3%
Texas,Auto Related,6991,3%
Texas,Television and Electronic Media,3290,1%
Utah,Imposter Scams,2566,17%
Utah,Identity Theft,2452,16%
Utah,Debt Collection,1913,13%
Utah,Telephone and Mobile Services,1147,8%
Utah,"Prizes, Sweepstakes and Lotteries",910,6%
Utah,Banks and Lenders,850,6%
Utah,"Credit Bureaus, Information Furnishers and Report Users",720,5%
Utah,Shop-at-Home and Catalog Sales,706,5%
Utah,Auto Related,475,3%
Utah,Internet Services,346,2%
Virginia,Debt Collection,11274,19%
Virginia,Imposter Scams,8100,14%
Virginia,Identity Theft,7656,13%
Virginia,Banks and Lenders,4271,7%
Virginia,Telephone and Mobile Services,3767,6%
Virginia,Shop-at-Home and Catalog Sales,2809,5%
Virginia,"Prizes, Sweepstakes and Lotteries",2723,5%
Virginia,"Credit Bureaus, Information Furnishers and Report Users",2517,4%
Virginia,Auto Related,2435,4%
Virginia,Credit Cards,1407,2%
Vermont,Imposter Scams,511,18%
Vermont,Identity Theft,354,13%
Vermont,"Prizes, Sweepstakes and Lotteries",256,9%
Vermont,Banks and Lenders,230,8%
Vermont,Shop-at-Home and Catalog Sales,220,8%
Vermont,Telephone and Mobile Services,195,7%
Vermont,Auto Related,107,4%
Vermont,Debt Collection,100,4%
Vermont,"Credit Bureaus, Information Furnishers and Report Users",80,3%
Vermont,Credit Cards,74,3%
Washington,Imposter Scams,8584,19%
Washington,Identity Theft,7360,16%
Washington,Debt Collection,6020,13%
Washington,Banks and Lenders,4413,10%
Washington,Telephone and Mobile Services,4353,9%
Washington,Shop-at-Home and Catalog Sales,2915,6%
Washington,Auto Related,2514,5%
Washington,"Prizes, Sweepstakes and Lotteries",2198,5%
Washington,"Credit Bureaus, Information Furnishers and Report Users",2048,4%
Washington,Television and Electronic Media,1566,3%
Wisconsin,Imposter Scams,4749,16%
Wisconsin,Debt Collection,3981,13%
Wisconsin,Identity Theft,3731,12%
Wisconsin,"Prizes, Sweepstakes and Lotteries",2387,8%
Wisconsin,Telephone and Mobile Services,2380,8%
Wisconsin,Banks and Lenders,1871,6%
Wisconsin,Shop-at-Home and Catalog Sales,1639,5%
Wisconsin,Auto Related,1398,5%
Wisconsin,"Credit Bureaus, Information Furnishers and Report Users",1197,4%
Wisconsin,Television and Electronic Media,915,3%
West Virginia,Imposter Scams,2441,25%
West Virginia,"Prizes, Sweepstakes and Lotteries",1321,13%
West Virginia,Identity Theft,1000,10%
West Virginia,Telephone and Mobile Services,651,7%
West Virginia,Shop-at-Home and Catalog Sales,530,5%
West Virginia,Banks and Lenders,494,5%
West Virginia,Debt Collection,455,5%
West Virginia,Auto Related,310,3%
West Virginia,Television and Electronic Media,281,3%
West Virginia,"Credit Bureaus, Information Furnishers and Report Users",225,2%
Wyoming,Imposter Scams,569,20%
Wyoming,Identity Theft,389,14%
Wyoming,"Prizes, Sweepstakes and Lotteries",323,12%
Wyoming,Telephone and Mobile Services,189,7%
Wyoming,Debt Collection,181,6%
Wyoming,Shop-at-Home and Catalog Sales,168,6%
Wyoming,Banks and Lenders,146,5%
Wyoming,Auto Related,78,3%
Wyoming,Internet Services,71,3%
Wyoming,"Credit Bureaus, Information Furnishers and Report Users",51,2%
,,,
Percentages are based on the total number of relevant 2017 reports from corresponding state's consumers,,,
,,,
"Source: Consumer Sentinel Network Data Book 2017, Federal Trade Commission",,,
